{"cameraMode":{"drawMode":0,"name":"Shaded","section":"Shading Mode"},"sceneLighting":true,"audioPlay":false,"sceneViewState":{"m_AlwaysRefresh":false,"showFog":false,"showSkybox":false,"showFlares":false,"showImageEffects":false,"showParticleSystems":false,"showVisualEffectGraphs":true,"m_FxEnabled":true},"in2DMode":false,"pivot":{"x":1.7514381408691407,"y":-0.9789292812347412,"z":-0.27971506118774416},"rotation":{"x":-0.18508967757225038,"y":-0.038893356919288638,"z":0.00732964463531971,"w":-0.9819298982620239},"size":5.962985515594482,"orthographic":false}