{"cameraMode":{"drawMode":0,"name":"Shaded","section":"Shading Mode"},"sceneLighting":true,"audioPlay":false,"sceneViewState":{"m_AlwaysRefresh":false,"showFog":false,"showSkybox":false,"showFlares":false,"showImageEffects":false,"showParticleSystems":false,"showVisualEffectGraphs":true,"m_FxEnabled":true},"in2DMode":false,"pivot":{"x":1.1601204872131348,"y":-0.9135479927062988,"z":-1.4188815355300904},"rotation":{"x":-0.19243454933166505,"y":0.04062487185001373,"z":-0.007975171320140362,"w":-0.9804416298866272},"size":4.110616207122803,"orthographic":false}